delete from retrieval_events where user_id = '00000000-0000-0000-0000-000000000001';
delete from feedback where user_id = '00000000-0000-0000-0000-000000000001';
delete from messages where user_id = '00000000-0000-0000-0000-000000000001';
delete from documents where user_id = '00000000-0000-0000-0000-000000000001';
delete from query_cache where user_id = '00000000-0000-0000-0000-000000000001';
delete from chats where user_id = '00000000-0000-0000-0000-000000000001';

insert into chats (id, user_id, title, pinned, memory_summary, is_demo)
values
	('10000000-0000-0000-0000-000000000001', '00000000-0000-0000-0000-000000000001', 'Oracle Fusion Migration Docs', true, 'Oracle migration guidance and risks.', true),
	('10000000-0000-0000-0000-000000000002', '00000000-0000-0000-0000-000000000001', 'Compliance Handbook', false, 'SOC2, SOX, and ITGC controls.', true),
	('10000000-0000-0000-0000-000000000003', '00000000-0000-0000-0000-000000000001', 'Research Papers', false, 'Multi-document retrieval and evaluation.', true),
	('10000000-0000-0000-0000-000000000004', '00000000-0000-0000-0000-000000000001', 'Resume + Job Description Analysis', false, 'Resume alignment to job requirements.', true);

insert into documents (id, chat_id, user_id, filename, file_type, file_size_bytes, status, pinecone_namespace, chunk_count, is_demo)
values
	('20000000-0000-0000-0000-000000000001', '10000000-0000-0000-0000-000000000001', '00000000-0000-0000-0000-000000000001', 'oracle_migration_guide.pdf', 'pdf', 1048576, 'ready', '00000000-0000-0000-0000-000000000001/10000000-0000-0000-0000-000000000001', 18, true),
	('20000000-0000-0000-0000-000000000002', '10000000-0000-0000-0000-000000000001', '00000000-0000-0000-0000-000000000001', 'oracle_fusion_overview.pdf', 'pdf', 524288, 'ready', '00000000-0000-0000-0000-000000000001/10000000-0000-0000-0000-000000000001', 11, true),
	('20000000-0000-0000-0000-000000000003', '10000000-0000-0000-0000-000000000002', '00000000-0000-0000-0000-000000000001', 'compliance_handbook.pdf', 'pdf', 786432, 'ready', '00000000-0000-0000-0000-000000000001/10000000-0000-0000-0000-000000000002', 14, true),
	('20000000-0000-0000-0000-000000000004', '10000000-0000-0000-0000-000000000003', '00000000-0000-0000-0000-000000000001', 'rag_paper.pdf', 'pdf', 458752, 'ready', '00000000-0000-0000-0000-000000000001/10000000-0000-0000-0000-000000000003', 12, true),
	('20000000-0000-0000-0000-000000000005', '10000000-0000-0000-0000-000000000004', '00000000-0000-0000-0000-000000000001', 'resume.pdf', 'pdf', 262144, 'ready', '00000000-0000-0000-0000-000000000001/10000000-0000-0000-0000-000000000004', 6, true);

insert into messages (id, chat_id, user_id, role, content, sources, latency_ms, token_count, retrieval_count, prompt_version)
values
	('30000000-0000-0000-0000-000000000001', '10000000-0000-0000-0000-000000000001', '00000000-0000-0000-0000-000000000001', 'assistant', 'Welcome to Conversational-RAG. Try asking about Oracle migration and inspect the sources.', '[]'::jsonb, 1200, 180, 3, 'demo-v1'),
	('30000000-0000-0000-0000-000000000002', '10000000-0000-0000-0000-000000000002', '00000000-0000-0000-0000-000000000001', 'assistant', 'Use the sources panel to inspect compliance evidence and chunk scores.', '[]'::jsonb, 1100, 140, 2, 'demo-v1'),
	('30000000-0000-0000-0000-000000000003', '10000000-0000-0000-0000-000000000003', '00000000-0000-0000-0000-000000000001', 'assistant', 'Compare the papers and see how multi-document retrieval changes the answer.', '[]'::jsonb, 1300, 200, 4, 'demo-v1'),
	('30000000-0000-0000-0000-000000000004', '10000000-0000-0000-0000-000000000004', '00000000-0000-0000-0000-000000000001', 'assistant', 'Ask how well the resume matches the job description and inspect citations.', '[]'::jsonb, 1000, 150, 2, 'demo-v1');

insert into retrieval_events (id, user_id, chat_id, message_id, top_k, threshold, retrieved_chunks, latency_ms, tokens, confidence)
values
	('40000000-0000-0000-0000-000000000001', '00000000-0000-0000-0000-000000000001', '10000000-0000-0000-0000-000000000001', '30000000-0000-0000-0000-000000000001', 4, 0.40, 3, 1200, 180, 0.92),
	('40000000-0000-0000-0000-000000000002', '00000000-0000-0000-0000-000000000001', '10000000-0000-0000-0000-000000000002', '30000000-0000-0000-0000-000000000002', 4, 0.40, 2, 1100, 140, 0.90),
	('40000000-0000-0000-0000-000000000003', '00000000-0000-0000-0000-000000000001', '10000000-0000-0000-0000-000000000003', '30000000-0000-0000-0000-000000000003', 5, 0.35, 4, 1300, 200, 0.88),
	('40000000-0000-0000-0000-000000000004', '00000000-0000-0000-0000-000000000001', '10000000-0000-0000-0000-000000000004', '30000000-0000-0000-0000-000000000004', 4, 0.45, 2, 1000, 150, 0.93);
